[{
  "branchLocations": [{
      "branchInfo": {
        "branchToken": "955",
        "branchId": "5",
        "branchName": "Tacoma",
        "address": {
          "addressLine": ["1501 Commerce Street"],
          "city": "Tacoma",
          "state": "WA",
          "zipcode": "98402",
          "countyCode": "WA"
        },
        "alternateCity": "Tacoma",
        "phone": "253-591-2500",
        "fax": "253-591-2539",
        "branchServices": [{
            "serviceId": "2",
            "searchLabel": "Talking ATM"
          },
          {
            "serviceId": "3",
            "searchLabel": "Walk-up ATM"
          }, {
            "serviceId": "6",
            "searchLabel": "Night Drop"
          },
          {
            "serviceId": "7",
            "searchLabel": "Safe Deposit"
          },
          {
            "serviceId": "8",
            "searchLabel": "Foreign Currency<br>Exchange"
          }
        ],
        "branchFacilityTypes": [{
            "facilityTypeId": "2"
          },
          {
            "facilityTypeId": "6",
            "facilityTypeName": "The Private Bank"
          }
        ],
        "latitude": 47.249099999999999,
        "longitude": -122.43819999999999,
        "lastUpdatedTs": "2010-10-04T15:42:58.716-07:00",
        "lastUpdatedBy": "ub45169 (James Penn)"
      },
      "branchHours": [{
          "branchHoursId": "11372",
          "displayHours": "9:00AM - 5:00PM",
          "displayLabel": "M-Th",
          "displayOrder": 10
        },
        {
          "branchHoursId": "11373",
          "displayHours": "9:00AM - 5:00PM",
          "displayLabel": "Fri",
          "displayOrder": 50
        }
      ],
      "distance": ".8"
    },
    {
      "branchInfo": {
        "branchId": "389",
        "branchName": "University Place",
        "address": {
          "addressLine": ["4620 Bridgeport Way W"],
          "city": "University Place",
          "state": "WA",
          "zipcode": "98466"
        },
        "phone": "253 460-4194",
        "fax": "253 565-0757",
        "branchServices": [{
          "serviceId": "3",
          "searchLabel": "Walk-up ATM"
        }],
        "branchFacilityTypes": [{
          "facilityTypeId": "2"
        }],
        "latitude": 47.214824,
        "longitude": -122.537707,
        "lastUpdatedTs": "2011-04-01T14:35:41.775-07:00",
        "lastUpdatedBy": "ub34156 (Mary Fowler)"
      },
      "branchHours": [{
          "branchHoursId": "12792",
          "displayHours": "9:00AM - 5:00PM",
          "displayLabel": "M-Th",
          "displayOrder": 10
        },
        {
          "branchHoursId": "12793",
          "displayHours": "9:00AM - 6:00PM",
          "displayLabel": "Fri",
          "displayOrder": 50
        }
      ],
      "distance": "5.5"
    },
    {
      "branchInfo": {
        "branchId": "380",
        "branchName": "Milton",
        "address": {
          "addressLine": ["900 Meridian E Ste 17"],
          "city": "Milton",
          "state": "WA",
          "zipcode": "98354"
        },
        "phone": "253 568-6700",
        "fax": "253 568-7252",
        "branchServices": [{
          "serviceId": "3",
          "searchLabel": "Walk-up ATM"
        }],
        "branchFacilityTypes": [{
          "facilityTypeId": "2"
        }],
        "latitude": 47.248820000000002,
        "longitude": -122.29518299999999,
        "lastUpdatedTs": "2011-04-01T14:10:52.529-07:00",
        "lastUpdatedBy": "ub34156 (Mary Fowler)"
      },
      "branchHours": [{
          "branchHoursId": "12786",
          "displayHours": "9:00AM - 5:00PM",
          "displayLabel": "M-Th",
          "displayOrder": 10
        },
        {
          "branchHoursId": "12787",
          "displayHours": "9:00AM - 6:00PM",
          "displayLabel": "Fri",
          "displayOrder": 50
        }
      ],
      "distance": "7"
    }, {
      "branchInfo": {
        "branchId": "399",
        "branchName": "Gig Harbor",
        "address": {
          "addressLine": ["5125 Olympic Dr NW Ste 108"],
          "city": "Gig Harbor",
          "state": "WA",
          "zipcode": "98335"
        },
        "phone": "253 857-8643",
        "fax": "253 857-0567",
        "branchServices": [{
          "serviceId": "3",
          "searchLabel": "Walk-up ATM"
        }],
        "branchFacilityTypes": [{
          "facilityTypeId": "2"
        }],
        "latitude": 47.305107999999997,
        "longitude": -122.58261,
        "lastUpdatedTs": "2011-04-01T14:42:41.984-07:00",
        "lastUpdatedBy": "ub34156 (Mary Fowler)"
      },
      "branchHours": [{
          "branchHoursId": "12796",
          "displayHours": "9:00AM - 5:00PM",
          "displayLabel": "M-Th",
          "displayOrder": 10
        },
        {
          "branchHoursId": "12797",
          "displayHours": "9:00AM - 6:00PM",
          "displayLabel": "Fri",
          "displayOrder": 50
        }
      ],
      "distance": "7.2"
    }, {
      "branchInfo": {
        "branchId": "374",
        "branchName": "Puyallup-South Hill",
        "address": {
          "addressLine": ["4417 S Meridian"],
          "city": "Puyallup",
          "state": "WA",
          "zipcode": "98373"
        },
        "phone": "253 841-2424",
        "fax": "253 841-7801",
        "branchServices": [{
          "serviceId": "3",
          "searchLabel": "Walk-up ATM"
        }],
        "branchFacilityTypes": [{
          "facilityTypeId": "2"
        }],
        "latitude": 47.164574000000002,
        "longitude": -122.29321400000001,
        "lastUpdatedTs": "2011-08-18T09:50:52.784-07:00",
        "lastUpdatedBy": "ub34156 (Mary Fowler)"
      },
      "branchHours": [{
          "branchHoursId": "12776",
          "displayHours": "9:00AM - 5:00PM",
          "displayLabel": "M-Th",
          "displayOrder": 10
        },
        {
          "branchHoursId": "12777",
          "displayHours": "9:00AM - 6:00PM",
          "displayLabel": "Fri",
          "displayOrder": 50
        },
        {
          "branchHoursId": "12853",
          "displayHours": "9:00AM - 1:00PM",
          "displayLabel": "Sat",
          "displayOrder": 60
        }
      ],
      "distance": "9.7"
    }, {
      "branchInfo": {
        "branchId": "376",
        "branchName": "Sumner",
        "address": {
          "addressLine": ["801 Alder Ave"],
          "city": "Sumner",
          "state": "WA",
          "zipcode": "98390"
        },
        "phone": "253 863-6301",
        "fax": "253 863-1822",
        "branchServices": [{
          "serviceId": "3",
          "searchLabel": "Walk-up ATM"
        }],
        "branchFacilityTypes": [{
          "facilityTypeId": "2"
        }],
        "latitude": 47.201224000000003,
        "longitude": -122.240225,
        "lastUpdatedTs": "2011-04-01T13:44:54.562-07:00",
        "lastUpdatedBy": "ub34156 (Mary Fowler)"
      },
      "branchHours": [{
          "branchHoursId": "12780",
          "displayHours": "9:00AM - 5:00PM",
          "displayLabel": "M-Th",
          "displayOrder": 10
        },
        {
          "branchHoursId": "12781",
          "displayHours": "9:00AM - 6:00PM",
          "displayLabel": "Fri",
          "displayOrder": 50
        }
      ],
      "distance": "10.4"
    }
  ]
}]
